[
    {
        "id": 1,
        "colName": "description"
    },
    {
        "id": 1,
        "colName": "Issuer"
    },
    {
        "id": 1,
        "colName": "status"
    },
    {
        "id": 1,
        "colName": "Discipline"
    },
    {
        "id": 1,
        "colName": "Project No#"
    },
    {
        "id": 1,
        "colName": "Process"
    },
    {
        "id": 1,
        "colName": "Phase"
    },
    {
        "id": 1,
        "colName": "Doc Type"
    },
    {
        "id": 1,
        "colName": "Client Document"
    },
    {
        "id": 1,
        "colName": "% Complete"
    },
    {
        "id": 1,
        "colName": "Planned Date"
    },
    {
        "id": 1,
        "colName": "Due Date"
    },
    {
        "id": 1,
        "colName": "Chronological"
    },
    {
        "id": 1,
        "colName": "Replanned"
    },
    {
        "id": 1,
        "colName": "Liquidated"
    },
    {
        "id": 1,
        "colName": "Damages"
    },
    {
        "id": 1,
        "colName": "Replanned Notes"
    },
    {
        "id": 1,
        "colName": "Platform"
    },
    {
        "id": 1,
        "colName": "Project Status"
    },
    {
        "id": 1,
        "colName": "Department"
    }
]