[
    {
        "id": "000a0135-7fe6-4933-989d-00fc0e9b02df",
        "name": "Student",
        "image_url": null,
        "is_occupation": true
    },
    {
        "id": "0c5e5203-9774-4b02-8577-6c838c2df408",
        "name": "Agro Industry Association",
        "image_url": null,
        "is_occupation": true
    },
    {
        "id": "0d1c623b-ef33-42e2-b1f6-984c6bb3a84d",
        "name": "Certification",
        "image_url": null,
        "is_occupation": true
    },
    {
        "id": "20427468-4854-43d1-970e-1f5c0aad2fe8",
        "name": "Extension",
        "image_url": null,
        "is_occupation": true
    },
    {
        "id": "30e63a16-c0ba-4b6d-af30-4a07418e2417",
        "name": "Business",
        "image_url": null,
        "is_occupation": true
    },
    {
        "id": "4e5ca44d-4444-4743-84f5-50f9a78a78de",
        "name": "Agri Produce Trading",
        "image_url": null,
        "is_occupation": true
    },
    {
        "id": "505f1d8d-505e-406d-89d8-2f1a02ad644f",
        "name": "Farm Allied Business",
        "image_url": null,
        "is_occupation": true
    },
    {
        "id": "53fd4f8d-48f0-4558-8f2a-b93286eb96bf",
        "name": "Research",
        "image_url": null,
        "is_occupation": true
    },
    {
        "id": "8441090e-ef42-4950-8ffe-84a4e8840e51",
        "name": "Growers Association",
        "image_url": null,
        "is_occupation": true
    },
    {
        "id": "8f67469b-a042-4b16-bff8-69b3174ec423",
        "name": "Import",
        "image_url": null,
        "is_occupation": true
    },
    {
        "id": "9881293d-7a9a-4993-88d1-be5a45b41a88",
        "name": "Insurance",
        "image_url": null,
        "is_occupation": true
    },
    {
        "id": "b36737e8-4e64-4db6-9aa0-3684290b9445",
        "name": "Consultancy",
        "image_url": null,
        "is_occupation": true
    },
    {
        "id": "b73a2402-fc21-492c-b700-65088eec9c97",
        "name": "Farming",
        "image_url": null,
        "is_occupation": true
    },
    {
        "id": "bc30e7a8-81f4-4a1a-9581-145ac985cb3f",
        "name": "Teaching",
        "image_url": null,
        "is_occupation": true
    },
    {
        "id": "bccf6be2-723f-45ec-91eb-f43c5d1151bd",
        "name": "Agri Finance",
        "image_url": null,
        "is_occupation": true
    },
    {
        "id": "c98512a7-7ecd-41c2-b757-749fe7f06296",
        "name": "Service Provider",
        "image_url": null,
        "is_occupation": true
    },
    {
        "id": "d9103143-6189-4462-bca5-a704c09fca09",
        "name": "Agro Industry",
        "image_url": null,
        "is_occupation": true
    },
    {
        "id": "da661b36-f85e-41a3-90f1-03241e61dabf",
        "name": "Farm Management",
        "image_url": null,
        "is_occupation": true
    },
    {
        "id": "e33452fb-d0a8-470a-923c-40b71590bda4",
        "name": "Agri Input Trading",
        "image_url": "https://s3-ap-southeast-1.amazonaws.com/kisan-oauth-test/images/interests/Agri_Input_Trading.jpg",
        "is_occupation": true
    },
    {
        "id": "ede48780-b99d-4eae-be63-44ca5daec370",
        "name": "Export",
        "image_url": "https://s3-ap-southeast-1.amazonaws.com/kisan-oauth-test/images/interests/Export.jpg",
        "is_occupation": true
    },
    {
        "id": "25a48fdf-3c04-4494-a889-45ddcb97497b",
        "name": "Agriculture",
        "image_url": "https://s3.ap-south-1.amazonaws.com/kisan-common/oauth-categories/agriculture.jpg",
        "is_occupation": false
    },
    {
        "id": "6df8d966-b461-4a5c-b88a-c29d75ea2e5d",
        "name": "Horticulture",
        "image_url": "https://s3.ap-south-1.amazonaws.com/kisan-common/oauth-categories/horticulture.jpg",
        "is_occupation": false
    },
    {
        "id": "8b3c3321-7335-4c60-a213-079e87ef0aad",
        "name": "Irrigation",
        "image_url": "https://s3.ap-south-1.amazonaws.com/kisan-common/oauth-categories/irrigation.jpg",
        "is_occupation": false
    },
    {
        "id": "424c77e8-6456-4936-ae94-6c469e27f5df",
        "name": "Animal Husbandry",
        "image_url": "https://s3.ap-south-1.amazonaws.com/kisan-common/oauth-categories/animal_husbandry.jpg",
        "is_occupation": false
    },
    {
        "id": "6f79d877-60a8-4520-9bf4-51c844477d3a",
        "name": "Farm Allied Activities",
        "image_url": "https://s3.ap-south-1.amazonaws.com/kisan-common/oauth-categories/farm_allied_activities.jpg",
        "is_occupation": false
    },
    {
        "id": "ec59b386-6e58-4339-81fc-ae9a6a8fa727",
        "name": "Machine & Tools",
        "image_url": "https://s3.ap-south-1.amazonaws.com/kisan-common/oauth-categories/machine_and_tools.jpg",
        "is_occupation": false
    },
    {
        "id": "1e2e1150-1c43-4889-aa79-ff98b00ebdbb",
        "name": "Post Harvest",
        "image_url": "https://s3.ap-south-1.amazonaws.com/kisan-common/oauth-categories/post_harvest.jpg",
        "is_occupation": false
    },
    {
        "id": "00a853b6-e777-4c27-8a0c-aea87adc99d2",
        "name": "Agri Trading",
        "image_url": "https://s3.ap-south-1.amazonaws.com/kisan-common/oauth-categories/agri_trading.jpg",
        "is_occupation": false
    },
    {
        "id": "70b93646-437e-429b-a566-0fffa40c5399",
        "name": "Bio-Technology",
        "image_url": "https://s3.ap-south-1.amazonaws.com/kisan-common/oauth-categories/bio_technology.jpg",
        "is_occupation": false
    },
    {
        "id": "070de3d6-7909-473f-8efc-e6f656b14e9c",
        "name": "Organic Farming",
        "image_url": "https://s3.ap-south-1.amazonaws.com/kisan-common/oauth-categories/organic_farming.jpg",
        "is_occupation": false
    },
    {
        "id": "1371b2c9-33c1-44c6-87e9-b51d2bd3e8b2",
        "name": "Agro Chemicals",
        "image_url": "https://s3.ap-south-1.amazonaws.com/kisan-common/oauth-categories/argo_chemicals.jpg",
        "is_occupation": false
    },
    {
        "id": "0199faa0-7704-4513-8c2e-cd597b4e88e2",
        "name": "Agri Business",
        "image_url": "https://s3.ap-south-1.amazonaws.com/kisan-common/oauth-categories/agri_business.jpg",
        "is_occupation": false
    },
    {
        "id": "1a9923ac-1a5e-4ea0-aad3-906c53e228ce",
        "name": "Farm Services",
        "image_url": "https://s3.ap-south-1.amazonaws.com/kisan-common/oauth-categories/farm_services.jpg",
        "is_occupation": false
    },
    {
        "id": "92c296da-08ca-43ef-8e2c-305d8ac6cede",
        "name": "Agri Finance & Insurance",
        "image_url": "https://s3.ap-south-1.amazonaws.com/kisan-common/oauth-categories/agri_finance_and_insurance.jpg",
        "is_occupation": false
    },
    {
        "id": "5733d018-2de1-49a0-b78e-55b923bbfa38",
        "name": "Alternate Energy",
        "image_url": "https://s3.ap-south-1.amazonaws.com/kisan-common/oauth-categories/alternate_energy.jpg",
        "is_occupation": false
    }
]