[
    {
        "districtArray": {
            "Maharashtra": [
                "-- Select District --",
                "Pune",
                "Ahmed Nagar",
                "Akola",
                "Amravati",
                "Aurangabad",
                "Beed",
                "Bhandara",
                "Buldhana",
                "Chandrapur",
                "Dhule",
                "Gadchiroli",
                "Gondia",
                "Hingoli",
                "Jalgaon",
                "Jalna",
                "Kolhapur",
                "Latur",
                "Mumbai",
                "Nagpur",
                "Nanded",
                "Nandurbar",
                "Nashik",
                "Osmanabad",
                "Parbhani",
                "Raigarh(MH)",
                "Ratnagiri",
                "Sangli",
                "Satara",
                "Sindhudurg",
                "Solapur",
                "Thane",
                "Wardha",
                "Washim",
                "Yavatmal"
            ],
            "Karnataka": [
                "-- Select District --",
                "Bagalkot",
                "Bangalore Rural",
                "Bangalore Urban",
                "Belagavi",
                "Ballari",
                "Bidar",
                "Bijapur",
                "Chamrajnagar",
                "Chickmagalur",
                "Chikkaballapur",
                "Chitradurga",
                "Dakshina Kannada",
                "Davangere",
                "Dharwad",
                "Gadag",
                "Gulbarga",
                "Hassan",
                "Haveri",
                "Kodagu",
                "Kolar",
                "Koppal",
                "Mandya",
                "Mysuru",
                "Raichur",
                "Ramanagar",
                "Shivamogga",
                "Tumakuru",
                "Udupi",
                "Uttara Kannada",
                "Vijayapura",
                "Yadgir"
            ],
            "Andhra Pradesh": [
                "-- Select District --",
                "Ananthapur",
                "Chittoor",
                "Cuddapah",
                "East Godavari",
                "Guntur",
                "Krishna",
                "Kurnool",
                "Nellore",
                "Prakasam",
                "Srikakulam",
                "Visakhapatnam",
                "Vizianagaram",
                "West Godavari"
            ],
            "Gujarat": [
                "-- Select District --",
                "Ahmedabad",
                "Amreli",
                "Anand",
                "Aravalli",
                "Banaskantha",
                "Bharuch",
                "Bhavnagar",
                "Chhota Udaipur",
                "Dahod",
                "Dang",
                "Devbhoomi Dwarka",
                "Gandhi Nagar",
                "Gir Somnath",
                "Jamnagar",
                "Junagadh",
                "Kachchh",
                "Kheda",
                "Mahisagar",
                "Mahesana",
                "Morbi",
                "Narmada",
                "Navsari",
                "Panchmahal",
                "Patan",
                "Porbandar",
                "Rajkot",
                "Sabarkantha",
                "Surat",
                "Surendra Nagar",
                "Tapi",
                "Vadodara",
                "Valsad"
            ],
            "Andaman & Nicobar Islands": [
                "-- Select District --",
                "Nicobar",
                "North and Middle Andaman",
                "South Andaman"
            ],
            "Arunachal Pradesh": [
                "-- Select District --",
                "Anjaw",
                "Changlang",
                "Dibang Valley",
                "East Kameng",
                "East Siang",
                "Kurung Kumey",
                "Lohit",
                "Longding",
                "Lower Dibang Valley",
                "Lower Subansiri",
                "Papum Pare",
                "Tawang",
                "Tirap",
                "Upper Siang",
                "Upper Subansiri",
                "West Kameng",
                "West Siang"
            ],
            "Assam": [
                "-- Select District --",
                "Barpeta",
                "Bongaigaon",
                "Cachar",
                "Chirang",
                "Darrang",
                "Dhemaji",
                "Dhubri",
                "Dibrugarh",
                "Dima Hasao",
                "Goalpara",
                "Hailakandi",
                "Jorhat",
                "Kamrup",
                "Kamrup Metropolitan",
                "Karbi Anglong",
                "Karimganj",
                "Kokrajhar",
                "Lakhimpur",
                "Marigaon",
                "Nagaon",
                "Nalbari",
                "Sibsagar",
                "Sonitpur",
                "Tinsukia",
                "Udalguri"
            ],
            "Bihar": [
                "-- Select District --",
                "Araria",
                "Arwal",
                "Aurangabad",
                "Banka",
                "Begusarai",
                "Bhagalpur",
                "Bhojpur",
                "Buxar",
                "Darbhanga",
                "East Champaran",
                "Gaya",
                "Gopalganj",
                "Jamui",
                "Jehanabad",
                "Kaimur (Bhabua)",
                "Katihar",
                "Khagaria",
                "Kishanganj",
                "Lakhisarai",
                "Madhepura",
                "Madhubani",
                "Munger",
                "Muzaffarpur",
                "Nalanda",
                "Nawada",
                "Patna",
                "Purnia",
                "Rohtas",
                "Saharsa",
                "Samastipur",
                "Saran",
                "Sheikhpura",
                "Sheohar",
                "Sitamarhi",
                "Siwan",
                "Supaul",
                "Vaishali",
                "West Champaran"
            ],
            "Chandigarh": [
                "-- Select District --",
                "Chandigarh"
            ],
            "Chattisgarh": [
                "-- Select District --",
                "Balod",
                "Baloda Bazar",
                "Balrampur",
                "Bastar",
                "Bemetara",
                "Bijapur(CGH)",
                "Bilaspur(CGH)",
                "Dantewada",
                "Dhamtari",
                "Durg",
                "Gariaband",
                "Janjgir-Champa",
                "Jashpur",
                "Kabirdham",
                "Kanker",
                "Kondagaon",
                "Korba",
                "Koriya",
                "Mahasamund",
                "Mungeli",
                "Narayanpur",
                "Raigarh",
                "Raipur",
                "Rajnandgaon",
                "Sukma",
                "Surajpur"
            ],
            "Dadra & Nagar Haveli": [
                "-- Select District --",
                "Dadra & Nagar Haveli"
            ],
            "Daman Diu": [
                "-- Select District --",
                "Daman",
                "Diu"
            ],
            "Delhi": [
                "-- Select District --",
                "Central Delhi",
                "East Delhi",
                "New Delhi",
                "North Delhi",
                "North West Delhi",
                "South Delhi",
                "South West Delhi",
                "West Delhi"
            ],
            "Goa": [
                "-- Select District --",
                "North Goa",
                "South Goa"
            ],
            "Haryana": [
                "-- Select District --",
                "Ambala",
                "Bhiwani",
                "Faridabad",
                "Fatehabad",
                "Gurugram",
                "Hisar",
                "Jhajjar",
                "Jind",
                "Kaithal",
                "Karnal",
                "Kurukshetra",
                "Mahendragarh",
                "Mewat",
                "Palwal",
                "Panchkula",
                "Panipat",
                "Rewari",
                "Rohtak",
                "Sirsa",
                "Sonipat",
                "Yamuna Nagar"
            ],
            "Himachal Pradesh": [
                "-- Select District --",
                "Bilaspur (HP)",
                "Chamba",
                "Hamirpur",
                "Kangra",
                "Kinnaur",
                "Kullu",
                "Lahul & Spiti",
                "Mandi",
                "Shimla",
                "Sirmaur",
                "Solan",
                "Una"
            ],
            "Jammu & Kashmir": [
                "-- Select District --",
                "Ananthnag",
                "Bandipora",
                "Baramulla",
                "Budgam",
                "Doda",
                "Ganderbal",
                "Jammu",
                "Kargil",
                "Kathua",
                "Kishtwar",
                "Kulgam",
                "Kupwara",
                "Leh",
                "Poonch",
                "Pulwama",
                "Rajouri",
                "Ramban",
                "Reasi",
                "Samba",
                "Shopian",
                "Srinagar",
                "Udhampur"
            ],
            "Jharkhand": [
                "-- Select District --",
                "Bokaro",
                "Chatra",
                "Deoghar",
                "Dhanbad",
                "Dumka",
                "East Singhbhum",
                "Garhwa",
                "Giridh",
                "Godda",
                "Gumla",
                "Hazaribag",
                "Jamtara",
                "Khunti",
                "Koderma",
                "Latehar",
                "Lohardaga",
                "Pakur",
                "Palamau",
                "Ramgarh",
                "Ranchi",
                "Sahibganj",
                "Seraikela-Kharsawan",
                "Simdega",
                "West Singhbhum"
            ],
            "Kerala": [
                "-- Select District --",
                "Alappuzha",
                "Ernakulam",
                "Idukki",
                "Kannur",
                "Kasargod",
                "Kollam",
                "Kottayam",
                "Kozhikode",
                "Malappuram",
                "Palakkad",
                "Pathanamthitta",
                "Thiruvananthapuram",
                "Thrissur",
                "Wayanad"
            ],
            "Lakshadweep": [
                "-- Select District --",
                "Lakshadweep"
            ],
            "Madhya Pradesh": [
                "-- Select District --",
                "Alirajpur",
                "Anuppur",
                "Ashok Nagar",
                "Balaghat",
                "Barwani",
                "Betul",
                "Bhind",
                "Bhopal",
                "Burhanpur",
                "Chhatarpur",
                "Chhindwara",
                "Damoh",
                "Datia",
                "Dewas",
                "Dhar",
                "Dindori",
                "Guna",
                "Gwalior",
                "Harda",
                "Hoshangabad",
                "Indore",
                "Jabalpur",
                "Jhabua",
                "Jhabua",
                "Katni",
                "Khandwa",
                "Khargone",
                "Mandla",
                "Mandsaur",
                "Morena",
                "Narsinghpur",
                "Neemuch",
                "Panna",
                "Raisen",
                "Rajgarh",
                "Ratlam",
                "Rewa",
                "Sagar",
                "Satna",
                "Sehore",
                "Seoni",
                "Shahdol",
                "Shajapur",
                "Sheopur",
                "Shivpuri",
                "Sidhi",
                "Singrauli",
                "Tikamgarh",
                "Ujjain",
                "Umaria",
                "Vidisha"
            ],
            "Manipur": [
                "-- Select District --",
                "Bishnupur",
                "Chandel",
                "Churachandpur",
                "Imphal East",
                "Senapati",
                "Tamenglong",
                "Thoubal",
                "Ukhrul"
            ],
            "Meghalaya": [
                "-- Select District --",
                "East Garo Hills",
                "East Jaintia Hills",
                "East Khasi Hills",
                "North Garo Hills",
                "Ri Bhoi",
                "South Garo Hills",
                "South West Khasi Hills",
                "West Garo Hills",
                "Jaintia Hills",
                "West Khasi Hills"
            ],
            "Mizoram": [
                "-- Select District --",
                "Aizawl",
                "Champhai",
                "Kolasib",
                "Lawngtlai",
                "Lunglei",
                "Mammit",
                "Saiha",
                "Serchhip"
            ],
            "Nagaland": [
                "-- Select District --",
                "Dimapur",
                "Kiphire",
                "Kohima",
                "Longleng",
                "Mokokchung",
                "Mon",
                "Peren",
                "Phek",
                "Tuensang",
                "Wokha",
                "Zunhebotto"
            ],
            "Odisha": [
                "-- Select District --",
                "Angul",
                "Balangir",
                "Balasore",
                "Bargarh",
                "Bhadrak",
                "Boudh",
                "Cuttack",
                "Debagarh",
                "Dhenkanal",
                "Gajapati",
                "Ganjam",
                "Jagatsinghapur",
                "Jajapur",
                "Jharsuguda",
                "Kalahandi",
                "Kandhamal",
                "Kendrapara",
                "Kendujhar",
                "Khorda",
                "Koraput",
                "Malkangiri",
                "Mayurbhanj",
                "Nabarangapur",
                "Nayagarh",
                "Nuapada",
                "Puri",
                "Rayagada",
                "Sambalpur",
                "Subarnapur",
                "Sundergarh"
            ],
            "Pondicherry": [
                "-- Select District --",
                "Karaikal",
                "Mahe",
                "Pondicherry",
                "Yanam"
            ],
            "Punjab": [
                "-- Select District --",
                "Amritsar",
                "Barnala",
                "Bathinda",
                "Faridkot",
                "Fatehgarh Sahib",
                "Firozpur",
                "Gurdaspur",
                "Hoshiarpur",
                "Jalandhar",
                "Kapurthala",
                "Ludhiana",
                "Mansa",
                "Moga",
                "Muktsar",
                "Shaheed Bhagat Singh Nagar",
                "Patiala",
                "Rupnagar",
                "Sangrur",
                "Mohali",
                "Tarn Taran"
            ],
            "Rajasthan": [
                "-- Select District --",
                "Ajmer",
                "Alwar",
                "Banswara",
                "Baran",
                "Barmer",
                "Bharatpur",
                "Bhilwara",
                "Bikaner",
                "Bundi",
                "Chittorgarh",
                "Churu",
                "Dausa",
                "Dholpur",
                "Dungarpur",
                "Hanumangarh",
                "Jaipur",
                "Jaisalmer",
                "Jalor",
                "Jhalawar",
                "Jhujhunu",
                "Jodhpur",
                "Karauli",
                "Kota",
                "Nagaur",
                "Pali",
                "Pratapgarh",
                "Rajsamand",
                "Sawai Madhopur",
                "Sikar",
                "Sirohi",
                "Ganganagar",
                "Tonk",
                "Udaipur"
            ],
            "Sikkim": [
                "-- Select District --",
                "East Sikkim",
                "North Sikkim",
                "South Sikkim",
                "West Sikkim"
            ],
            "Tamil Nadu": [
                "-- Select District --",
                "Ariyalur",
                "Chennai",
                "Coimbatore",
                "Cuddalore",
                "Dharmapuri",
                "Dindigul",
                "Erode",
                "Kanchipuram",
                "Kanyakumari",
                "Karur",
                "Krishnagiri",
                "Madurai",
                "Nagapattinam",
                "Namakkal",
                "Nilgiris",
                "Perambalur",
                "Pudukkottai",
                "Ramanathapuram",
                "Salem",
                "Sivaganga",
                "Thanjavur",
                "Theni",
                "Thoothukudi",
                "Tiruchirappalli",
                "Tirunelveli",
                "Tiruppur",
                "Tiruvallur",
                "Tiruvannamalai",
                "Tiruvarur",
                "Vellore",
                "Villupuram",
                "Virudhunagar"
            ],
            "Telangana": [
                "-- Select District --",
                "Adilabad",
                "Hyderabad",
                "Karim Nagar",
                "Khammam",
                "Mahabub Nagar",
                "Medak",
                "Nalgonda",
                "Nizamabad",
                "K.V.Rangareddy",
                "Warangal Rural",
                "Warangal Urban"
            ],
            "Tripura": [
                "-- Select District --",
                "Dhalai",
                "North Tripura",
                "Sepahijala",
                "South Tripura",
                "Unakoti",
                "West Tripura"
            ],
            "Uttar Pradesh": [
                "-- Select District --",
                "Agra",
                "Aligarh",
                "Allahabad",
                "Ambedkar Nagar",
                "Amethi",
                "Amroha",
                "Auraiya",
                "Azamgarh",
                "Baghpat",
                "Bahraich",
                "Ballia",
                "Balrampur",
                "Banda",
                "Barabanki",
                "Bareilly",
                "Basti",
                "Bijnor",
                "Budaun",
                "Bulandshahr",
                "Chandauli",
                "Chitrakoot",
                "Deoria",
                "Etah",
                "Etawah",
                "Faizabad",
                "Farrukhabad",
                "Fatehpur",
                "Firozabad",
                "Gautam Buddha Nagar",
                "Ghaziabad",
                "Ghazipur",
                "Gonda",
                "Gorakhpur",
                "Hamirpur",
                "Hapur",
                "Hardoi",
                "Hathras",
                "Jalaun",
                "Jaunpur",
                "Jhansi",
                "Kannauj",
                "Kanpur Dehat",
                "Kanpur Nagar",
                "Kanshiram Nagar",
                "Kaushambi",
                "Kushinagar",
                "Kheri",
                "Lakhimpur - Kheri",
                "Lalitpur",
                "Lucknow",
                "Maharajganj",
                "Mathura",
                "Mau",
                "Meerut",
                "Mirzapur",
                "Moradabad",
                "Muzaffarnagar",
                "Pilibhit",
                "Pratapgarh",
                "RaeBareli",
                "Rampur",
                "Saharanpur",
                "Sambhal",
                "Sant Ravidas Nagar",
                "Shahjahanpur",
                "Shamli",
                "Shrawasti",
                "Siddharthnagar",
                "Sitapur",
                "Sonbhadra",
                "Sultanpur",
                "Unnao",
                "Varanasi"
            ],
            "Uttarakhand": [
                "-- Select District --",
                "Almora",
                "Bageshwar",
                "Chamoli",
                "Champawat",
                "Dehradun",
                "Haridwar",
                "Nainital",
                "Pauri Garhwal",
                "Pithoragarh",
                "Rudraprayag",
                "Tehri Garhwal",
                "Udham Singh Nagar",
                "Uttarkashi"
            ],
            "West Bengal": [
                "-- Select District --",
                "Bankura",
                "Birbhum",
                "West Bardhaman",
                "East Bardhaman",
                "Cooch Behar",
                "South Dinajpur",
                "Darjiling",
                "Hooghly",
                "Howrah",
                "Jalpaiguri",
                "Kolkata",
                "Malda",
                "Murshidabad",
                "Nadia",
                "North 24 Parganas",
                "West Medinipur",
                "East Medinipur",
                "Purulia",
                "South 24 Parganas",
                "North Dinajpur"
            ]
        }
    }
]