[
    {
        "id": "1",
        "personName": "Deepali Patil",
        "image_url": null,
        "messageToMe":["Hello","I A'm Admin"],
        "messageByMe":["Okk","Thats Cool I A'm Deepali Patil"]
    },
    {
        "id": "2",
        "personName": "Pooja Pradhan",
        "image_url": null,
        "messageToMe":["Hello","I A'm Admin"],
        "messageByMe":["Okk","Thats Cool I A'm Pooja Pradhan"]
    },
    {
        "id": "3",
        "personName": "Aditi Purohit",
        "image_url": null,
        "messageToMe":["Hello","I A'm Admin"],
        "messageByMe":["Okk","Thats Cool I A'm Aditi Purohit"]
    },
    {
        "id": "4",
        "personName": "Vrushali Sabnis",
        "image_url": null,
        "messageToMe":["Hello","I A'm Admin"],
        "messageByMe":["Okk","Thats Cool I A'm Vrushali Sabnis"]
    },
    {
        "id": "5",
        "personName": "Chetan Warke",
        "image_url": null,
        "messageToMe":["Hello","I A'm Admin"],
        "messageByMe":["Okk","Thats Cool I A'm Chetan Warke"]
    },
    {
        "id": "6",
        "personName": "Akash ",
        "image_url": null,
        "messageToMe":["Hello","I A'm Admin"],
        "messageByMe":["Okk","Thats Cool I A'm Akash"]
    }
]